,Page,URL
0,1,https://www.thesun.co.uk/health/17121365/boris-johnson-booster-call-omicron/
1,1,https://www.thesun.co.uk/news/17120362/channel-migrants-tagged-black-market/
2,1,https://www.thesun.co.uk/health/17120419/boris-wont-announce-lockdown-before-christmas-omicron-weak/
3,1,https://www.thesun.co.uk/news/17110844/boris-johnson-christmas-new-years-eve-omicron/
4,1,https://www.thesun.co.uk/news/17113104/dont-send-out-new-years-eve-party/
5,1,https://www.thesun.co.uk/news/politics/17108435/boris-johnson-confirms-christmas-is-on/
6,1,https://www.thesun.co.uk/news/17100048/boris-johnson-covid-christmas-restrictions/
7,1,https://www.thesun.co.uk/news/politics/17092767/boris-johnson-warns-he-wont-hesitate-to-act/
8,1,https://www.thesun.co.uk/news/17075239/boris-johnson-warned-last-chance-by-election-defeat/
9,1,https://www.thesun.co.uk/news/17075482/no10-probe-christmas-lockdown-farce-inquiry-boss-had-bash/
10,2,https://www.thesun.co.uk/news/17064802/brits-choice-mates-or-christmas-with-families-omicron-soars/
11,2,https://www.thesun.co.uk/health/17052983/brits-pub-family-christmas-omicron-covid/
12,2,https://www.thesun.co.uk/news/17041352/covid-rebellion-boris-johnson-staff-shortages/
13,2,https://www.thesun.co.uk/health/17031512/new-years-parties-plans-tackle-omicron/
14,2,https://www.thesun.co.uk/health/17031393/pubs-restaurants-closed-entry-limits-omicron/
15,2,https://www.thesun.co.uk/news/17004710/tory-mps-demand-boris-johnson-quits/
16,2,https://www.thesun.co.uk/news/politics/16999390/lord-geidt-anti-sleaze-boris-johnson-more-evidence/
17,2,https://www.thesun.co.uk/news/16994412/covid-rules-plan-b-pub-boris-johnson/
18,2,https://www.thesun.co.uk/news/16982899/boris-johnson-rule-christmas-party/
19,2,https://www.thesun.co.uk/news/16969126/liz-truss-culture-wars-wokeness/
20,3,https://www.thesun.co.uk/news/16959416/johnson-biden-emergency-putin-russia-ukraine-invasion/
21,3,https://www.thesun.co.uk/news/16958598/boris-johnson-arthur-killers-die-in-prison/
22,3,https://www.thesun.co.uk/news/16925606/michelle-mone-racist-slur-indian-man/
23,3,https://www.thesun.co.uk/news/politics/16923201/boris-warned-he-risks-break-up-of-union/
24,3,https://www.thesun.co.uk/news/16901195/boris-johnson-not-to-cancel-christmas-covid/
25,3,https://www.thesun.co.uk/news/16900735/liz-truss-margaret-thatcher-british-warn-russia/
26,3,https://www.thesun.co.uk/health/16894164/boris-johnson-pop-up-booster-centres-omicron-christmas/
27,3,https://www.thesun.co.uk/news/16890422/keir-starmer-labour-shadow-cabinet-reshuffle/
28,3,https://www.thesun.co.uk/news/16889955/schools-jabs-covid-omicron/
29,3,https://www.thesun.co.uk/news/politics/16884205/labour-botches-another-reshuffle/
30,4,https://www.thesun.co.uk/health/16878874/omicron-covid-strain-225-cases-likely/
31,4,https://www.thesun.co.uk/news/16854451/dozens-more-migrants-arrived-uk-amid-political-bickering/
32,4,https://www.thesun.co.uk/news/16852654/rishi-raged-at-boris-over-huge-spending-promises-during-budget-talk/
33,4,https://www.thesun.co.uk/news/16840961/cabinet-rishi-sunaks-chief-aide/
34,4,https://www.thesun.co.uk/news/16841044/boris-johnson-accuses-french-migrant-smugglers-murder/
35,4,https://www.thesun.co.uk/news/16830503/labour-do-nothing-in-future-referendum-northern-ireland/
36,4,https://www.thesun.co.uk/news/16817161/nigel-farage-threatens-return-to-politics-over-britains-migrant-crisis/
37,4,https://www.thesun.co.uk/news/16791605/royals-britain-snub-beijing-winter-olympics/
38,4,https://www.thesun.co.uk/news/16780660/forced-teen-marriage-will-be-banned/
39,4,https://www.thesun.co.uk/news/16769401/5-migrants-deported-this-year/
40,5,https://www.thesun.co.uk/news/16757650/uk-troops-saudi-arabia-combat-air-attacks-oil-fields/
41,5,https://www.thesun.co.uk/news/16757683/liverpool-bomber-exploited-britains-broken-asylum-system/
42,5,https://www.thesun.co.uk/news/16748323/liverpool-bomb-christmas-bombing-campaign/
43,5,https://www.thesun.co.uk/news/16747104/brussels-bosses-kowtowing-to-china-india-cop26/
44,5,https://www.thesun.co.uk/news/16745045/christmas-under-threat-terror-attacks-highly-likely/
45,5,https://www.thesun.co.uk/news/16745722/boris-johnson-brussels-france-china-covid/
46,5,https://www.thesun.co.uk/news/16697509/mps-drinking-armistice-day-flight-lack-of-respect/
47,5,https://www.thesun.co.uk/news/16688307/sir-geoffrey-cox-corrupt-client-rap/
48,5,https://www.thesun.co.uk/news/16685191/boris-johnson-cop26-glasgow-deal/
49,5,https://www.thesun.co.uk/news/16676582/twelve-mps-3-5million-second-jobs/
50,6,https://www.thesun.co.uk/news/politics/16661449/george-eustice-brushes-off-paterson-sleaze-scandal/
51,6,https://www.thesun.co.uk/news/16650677/fireworks-kick-off-among-tory-mps/
52,6,https://www.thesun.co.uk/news/16640756/tories-fume-over-boris-johnsons-u-turn-owen-paterson/
53,6,https://www.thesun.co.uk/news/16639274/tories-boris-johnson-u-turn-sleaze-mp-owen-paterson/
54,6,https://www.thesun.co.uk/news/16615293/macron-cop26-summit-snubbed-boris-johnson-trade-war/
55,6,https://www.thesun.co.uk/news/16603174/macron-brexit-trade-war-boris-glasgow/
56,6,https://www.thesun.co.uk/money/16544434/rishi-sunak-will-commit-to-have-britains-2-2trillion-debt-falling-by-next-election-in-budget-for-post-covid-age/
57,6,https://www.thesun.co.uk/money/16544764/universal-credit-budget-rishi-sunak-2/
58,6,https://www.thesun.co.uk/money/16533649/rishi-sunak-public-sector-pay-freeze/
59,6,https://www.thesun.co.uk/money/16532529/rishi-sunak-wont-increase-fuel-duty/
60,7,https://www.thesun.co.uk/news/16523995/rishi-sunak-spending-disabled-children/
61,7,https://www.thesun.co.uk/news/16522841/rishi-sunak-budget-pay-rise/
62,7,https://www.thesun.co.uk/news/16523118/nhs-cash-injection-budget/
63,7,https://www.thesun.co.uk/news/16509776/chancellor-sunak-squishy-rishi-budget/
64,7,https://www.thesun.co.uk/news/politics/16497402/michael-gove-walks-out-of-tory-fundraiser/
65,7,https://www.thesun.co.uk/health/16485764/sajid-javid-begs-brits-booster-jabs-restrictions-come-back/
66,7,https://www.thesun.co.uk/news/16474932/rishi-sunak-fuel-duty-budget/
67,7,https://www.thesun.co.uk/news/16461350/british-spies-close-watch-china-nuclear-weapon/
68,7,https://www.thesun.co.uk/news/16462133/hiking-fuel-duty-budget-grotesque/
69,7,https://www.thesun.co.uk/news/16459607/spies-breaking-point-keep-tabs-radicalised-bedroom-fanatics/
70,8,https://www.thesun.co.uk/news/16414673/eu-scraps-four-in-five-checks-britain-northern-ireland/
71,8,https://www.thesun.co.uk/news/16391089/business-secretary-treasury-gas-bill-bailout/
72,8,https://www.thesun.co.uk/news/16390592/plans-hike-gas-bills-despite-soaring-energy-costs/
73,8,https://www.thesun.co.uk/news/16381674/russia-stole-formula-oxfords-covid-jab/
74,8,https://www.thesun.co.uk/news/16359794/military-head-rowed-armed-forces-chief-took-own-life/
75,8,https://www.thesun.co.uk/money/16359504/brits-council-tax-hike-in-two-decades/
76,8,https://www.thesun.co.uk/news/16337309/boris-johnson-blast-cameron-may-lacking-guts-fix-britain/
77,8,https://www.thesun.co.uk/news/16336588/france-swiped-five-million-covid-vaccine-doses-britain/
78,8,https://www.thesun.co.uk/news/16332815/brit-ex-soldier-ben-slater-released-taliban-captured-jihadis/
79,8,https://www.thesun.co.uk/news/16326518/former-royal-marines-head-takes-own-life/
80,9,https://www.thesun.co.uk/news/16326738/rishi-sunak-financial-black-hole/
81,9,https://www.thesun.co.uk/news/16318560/petrol-station-delivery-army/
82,9,https://www.thesun.co.uk/news/16317960/boris-johnson-demanded-firms-pay-rise-hike-taxes-again/
83,9,https://www.thesun.co.uk/news/16307103/michael-gove-next-james-bond-man-unlikely-actor/
84,9,https://www.thesun.co.uk/news/16306919/boris-gove-wrong-admits-leadership/
85,9,https://www.thesun.co.uk/news/16306313/gove-warns-level-up-fail/
86,9,https://www.thesun.co.uk/money/16295945/council-tax-bill-hike-socail-care/
87,9,https://www.thesun.co.uk/news/16296106/home-secretary-get-afghan-girls-football-squad-uk/
88,9,https://www.thesun.co.uk/news/16272164/boris-johnson-petrol-crisis-stabilising-christmas/
89,9,https://www.thesun.co.uk/news/16272637/royal-navy-gunboats-channel-french-blockade/
90,10,https://www.thesun.co.uk/news/16260469/petrol-starved-drivers-government-chaos/
91,10,https://www.thesun.co.uk/news/16236629/afghan-girls-football-team-plead-for-uk-visas/
92,10,https://www.thesun.co.uk/news/16226643/boris-johnson-northern-ireland-tunnel-axed/
93,10,https://www.thesun.co.uk/news/16216799/doctors-return-seeing-patient-save-lives-boris-johnson/
94,10,https://www.thesun.co.uk/news/16217278/pm-says-us-visit-exceeded-all-expectations/
95,10,https://www.thesun.co.uk/news/16215923/boris-johnson-emmanuel-macron-get-a-grip-france/
96,10,https://www.thesun.co.uk/news/16204849/britain-could-join-us-free-trade-deal/
97,10,https://www.thesun.co.uk/news/16195427/pm-admits-uncertain-christmas-covid-supply-chain/
98,10,https://www.thesun.co.uk/news/16195317/boris-johnson-covid-bummer-meeting-brazilian-bolsonaro/
99,10,https://www.thesun.co.uk/news/politics/16191455/frustrated-boris-johnson-skewers-leaders-over-climate/
100,11,https://www.thesun.co.uk/travel/16190595/us-uk-travel/
101,11,https://www.thesun.co.uk/news/politics/16188720/boris-johnson-says-booster-jabs-before-world/
102,11,https://www.thesun.co.uk/news/16185669/boris-joe-biden-covid-travel-ban-double-jabbed-brits/
103,11,https://www.thesun.co.uk/news/16185714/boris-johnson-emmanuel-macron-chill-out/
104,11,https://www.thesun.co.uk/news/16184610/boris-johnson-jets-to-ny-in-border-bid/
105,11,https://www.thesun.co.uk/news/16163699/boris-johnson-reshuffle-promotes-rising-star-women/
106,11,https://www.thesun.co.uk/news/16163273/nadine-dorries-war-on-woke-art-projects/
107,11,https://www.thesun.co.uk/news/16151978/gavin-williamson-sacked-cabinet-reshuffle/
108,11,https://www.thesun.co.uk/health/16130203/over-50s-covid-booster-christmas/
109,11,https://www.thesun.co.uk/health/16123559/kids-over-12-will-receive-a-single-dose-of-the-covid-jab/
110,12,https://www.thesun.co.uk/news/16120473/priti-patel-reckless-secret-meetings/
111,12,https://www.thesun.co.uk/news/16120287/pm-faces-backlash-over-tax-rises-from-tories/
112,12,https://www.thesun.co.uk/news/16119908/covid-restrictions-christmas-boris-johnson/
113,12,https://www.thesun.co.uk/news/16119685/probe-after-ecstasy-letter-from-parliament/
114,12,https://www.thesun.co.uk/news/16107633/sir-keir-starmer-stop-brexit-second-referendum/
115,12,https://www.thesun.co.uk/news/16106868/gavin-williamson-biggest-stshow-on-government-book/
116,12,https://www.thesun.co.uk/news/16096728/pm-covid-passports-winter-lockdown/
117,12,https://www.thesun.co.uk/news/16086689/453-million-day-nhs-social-care/
118,12,https://www.thesun.co.uk/news/16078117/boris-johnson-u-turn-manifesto-36billion-tax-hike-nhs/
119,12,https://www.thesun.co.uk/news/16077915/boris-johnson-tax-hikes-social-care-overhaul/
120,13,https://www.thesun.co.uk/news/politics/16070847/boris-johnson-to-unveil-new-tax-on-shareholder-profits/
121,13,https://www.thesun.co.uk/news/16068044/boris-johnson-tax-hike-nhs-recover-covid/
122,13,https://www.thesun.co.uk/news/politics/15920968/dominic-raab-finally-joins-tory-foreign-affairs-group/
123,13,https://www.thesun.co.uk/news/15878470/priti-patel-french-patrol-fury/
124,13,https://www.thesun.co.uk/news/15833895/boris-johnson-red-wall-voters-green-revolution-whatsapp/
125,13,https://www.thesun.co.uk/news/15833353/red-arrows-smoke-trails-green/
126,13,https://www.thesun.co.uk/news/15825108/kwasi-kwarteng-government-gas-boiler/
127,13,https://www.thesun.co.uk/news/15824574/back-to-office-workers-confusion-docked-wages/
128,13,https://www.thesun.co.uk/sport/15824023/jason-laura-kenny-to-become-sir-and-dame/
129,13,https://www.thesun.co.uk/news/15815013/pop-up-housing-migrants-channel/
130,14,https://www.thesun.co.uk/news/15783545/drop-in-controls-on-thugs/
131,14,https://www.thesun.co.uk/news/15772489/brits-red-wall-areas-third-likely-murdered-pm-vow/
132,14,https://www.thesun.co.uk/news/15771986/boris-johnson-traffic-light-staycation/
133,14,https://www.thesun.co.uk/news/15771452/brits-facing-norovirus-epidemic-covid/
134,14,https://www.thesun.co.uk/news/15771120/teenagers-offered-covid-vaccine-new-school-year/
135,14,https://www.thesun.co.uk/news/15761703/pm-threatens-iran-with-retaliation-for-killing-of-brit-in-drone-strike/
136,14,https://www.thesun.co.uk/news/15761501/kids-from-poorest-parts-of-britain-twice-as-likely-to-be-mugged/
137,14,https://www.thesun.co.uk/news/15753883/new-film-studio-4500-jobs/
138,14,https://www.thesun.co.uk/news/15753904/carrie-johnson-brave-miscarriage-support-groups/
139,14,https://www.thesun.co.uk/news/15753501/tory-backbench-revolt-amber-watchlist/
140,15,https://www.thesun.co.uk/news/15753219/angry-travel-bosses-demand-boris-johnson-follow-europe-and-open-up-britains-borders/
141,15,https://www.thesun.co.uk/news/15752885/deliveroo-uber-offer-discounts-jabbed-students/
142,15,https://www.thesun.co.uk/news/15752653/shocking-figures-show-cops-charged-just-7-of-violent-criminals-last-year/
143,15,https://www.thesun.co.uk/news/15750834/uber-offers-discounts-young-brits-vaccinated/
144,15,https://www.thesun.co.uk/news/15740865/pm-dog-dilyn-neutered-stop-him-humping-legs/
145,15,https://www.thesun.co.uk/news/15740321/keir-starmer-more-positions-than-kama-sutra/
146,15,https://www.thesun.co.uk/news/15730259/britain-political-boycott-winter-olympics-china/
147,15,https://www.thesun.co.uk/news/politics/15715133/boris-johnson-shoots-down-journalist-jail-plans/
148,15,https://www.thesun.co.uk/news/15710108/covid-cases-fell-seventh-day/
149,15,https://www.thesun.co.uk/news/politics/15710272/michael-gove-refuse-covid-vaccine-selfish/
150,16,https://www.thesun.co.uk/news/15709775/boris-johnson-gift-kenya-astrazeneca-jab/
151,16,https://www.thesun.co.uk/news/15699645/burglars-thieves-electronically-tagged-reoffending/
152,16,https://www.thesun.co.uk/news/15698403/binmen-soldiers-prison-key-workers-exempt-isolation/
153,16,https://www.thesun.co.uk/news/15667110/data-chief-whistle-blowers-hancock-raids/
154,16,https://www.thesun.co.uk/news/15666769/national-insurance-social-care-cabinet/
155,16,https://www.thesun.co.uk/news/15647373/pm-shelves-fixing-social-care-hike-national-insurance/
156,16,https://www.thesun.co.uk/news/15646150/eu-demands-spanish-boots-on-the-rock/
157,16,https://www.thesun.co.uk/news/15636512/clubbers-proof-covid-vaccine/
158,16,https://www.thesun.co.uk/news/politics/15636214/national-insurance-hike-to-pay-for-social-care/
159,16,https://www.thesun.co.uk/news/15615562/boris-johnson-tax-social-care/
160,17,https://www.thesun.co.uk/news/15604704/matt-hancock-swoop-computers-seized/
161,17,https://www.thesun.co.uk/news/15605565/boris-johnson-to-create-county-sheriffs/
162,17,https://www.thesun.co.uk/news/15596021/ira-victims-brand-an-amnesty-for-republican-killers-obscene/
163,17,https://www.thesun.co.uk/news/15595633/boris-johnson-tory-critics-level-up/
164,17,https://www.thesun.co.uk/travel/15592898/green-list-majorca-ibiza-menorca-amber/
165,17,https://www.thesun.co.uk/news/15585248/ira-terrorists-amnesties-troubles-bid-end-witch-hunt/
166,17,https://www.thesun.co.uk/news/15584882/royal-navys-fleet-covid-outbreak/
167,17,https://www.thesun.co.uk/news/politics/15582864/boris-johnson-sees-off-furious-tory-rebellion/
168,17,https://www.thesun.co.uk/sport/15574868/nation-unites-england-racist-abuse-euros-penalty-misses/
169,17,https://www.thesun.co.uk/sport/15574522/sir-gareth-southgate-new-year-honours/
170,18,https://www.thesun.co.uk/news/politics/15572786/rishi-sunak-springs-vote-on-foreign-aid-cut/
171,18,https://www.thesun.co.uk/news/15527362/veterans-boris-johnson-afghanistan/
172,18,https://www.thesun.co.uk/travel/15513109/double-jabbed-brits-can-fly-to-amber-list-countries/
173,18,https://www.thesun.co.uk/news/15507424/gavin-williamson-scraps-school-bubbles-august/
174,18,https://www.thesun.co.uk/news/15493625/lockdown-easing-boris-johnson-july-rules/
175,18,https://www.thesun.co.uk/sport/football/15504628/boris-johnson-extends-pub-opening-for-euros-final/
176,18,https://www.thesun.co.uk/news/15501487/pm-cheer-england-enthusiastically-sensibly/
177,18,https://www.thesun.co.uk/news/15495213/ordering-pints-boris-johnson/
178,18,https://www.thesun.co.uk/news/15493492/pub-bar-covid-banned-councils/
179,18,https://www.thesun.co.uk/news/15492093/manual-workers-retrain-boris-green-targets/
180,19,https://www.thesun.co.uk/news/15491714/michael-goves-pals-slam-labour-for-politicising-the-top-torys-sad-marriage-break-up/
181,19,https://www.thesun.co.uk/news/15486871/ordering-bar-return-july-19-social-distancing-end-pubs/
182,19,https://www.thesun.co.uk/news/15460401/pm-salt-tax-brits-healthy/
183,19,https://www.thesun.co.uk/news/politics/15458672/boris-johnson-says-britain-is-in-final-furlong/
184,19,https://www.thesun.co.uk/news/15447467/rishi-sunak-new-dog-nova/
185,19,https://www.thesun.co.uk/news/15436130/double-jabbed-brits-swerve-10-day-isolation-july-19/
186,19,https://www.thesun.co.uk/news/uknews/15426199/matt-hancock-aide-living-together-affair/
187,19,https://www.thesun.co.uk/news/15424472/matt-hancock-gina-coladangelo-love-posts-pinterest/
188,19,https://www.thesun.co.uk/news/15423090/matt-hancock-gina-cola-dangelo-ditches-husband/
189,19,https://www.thesun.co.uk/news/15397675/matt-hancock-backed-by-boris-but-questions-pile-up/
190,20,https://www.thesun.co.uk/news/15388014/matt-hancock-secret-affair-with-aide/
191,20,https://www.thesun.co.uk/news/15387983/matt-hancock-job-ppe-care-home-rows-cheating-scandal/
192,20,https://www.thesun.co.uk/news/15387279/government-killer-colin-pitchfork-caged/
193,20,https://www.thesun.co.uk/travel/15376359/travel-green-list-malta-madeira-balearics-boost-brits/
194,20,https://www.thesun.co.uk/news/politics/15372321/indoor-mixing-rule-six-ditched-july/
195,20,https://www.thesun.co.uk/news/15364742/boris-johnson-vaccine-programme-win-brexit/
196,20,https://www.thesun.co.uk/travel/15363299/double-jabbed-parents-unvaccinated-kids-hols-july/
197,20,https://www.thesun.co.uk/travel/15358072/holiday-boost-double-vaccine-parents-kids-august/
198,20,https://www.thesun.co.uk/news/15351659/boris-johnson-let-germans-steal-a-march-sunbed-wars/
199,20,https://www.thesun.co.uk/news/15339065/government-teens-vaccine-school/
200,21,https://www.thesun.co.uk/news/15297963/chewing-gum-firms-will-pay-to-clean-high-streets/
201,21,https://www.thesun.co.uk/news/15288329/britain-seals-post-brexit-trade-accord-australia-lizz-truss/
202,21,https://www.thesun.co.uk/news/15264784/boris-johnson-odds-joe-biden-covid-leak-wuhan/
203,21,https://www.thesun.co.uk/news/15263634/boris-johnson-lockdown-30-guests-weddings-2/
204,21,https://www.thesun.co.uk/news/15262927/boris-johnson-teased-emmanuel-macron/
205,21,https://www.thesun.co.uk/news/15247559/boris-johnson-lockdown-lifting-delayed-july-monday/
206,21,https://www.thesun.co.uk/news/15241170/boris-johnson-june-lockdown-delay/
207,21,https://www.thesun.co.uk/news/politics/15241884/g7-summit-2021-boris-johnson-carrie-elbow-bump/
208,21,https://www.thesun.co.uk/news/15230945/boris-johnson-joe-biden-g7-summit/
209,21,https://www.thesun.co.uk/news/15229827/world-leaders-informal-barbecue-sea-shanties-red-arrows/
210,22,https://www.thesun.co.uk/tvandshowbiz/15219067/prue-leith-dame-queens-birthday-honours/
211,22,https://www.thesun.co.uk/news/15218951/boris-biden-uk-us-travel/
212,22,https://www.thesun.co.uk/news/15207316/pm-vows-to-make-cornwall-carbon-neutral/
213,22,https://www.thesun.co.uk/news/15164755/june-21-unlocking-delayed-early-july/
214,22,https://www.thesun.co.uk/news/15162158/mhra-covid-vaccine-approved-teenagers-uk/
215,22,https://www.thesun.co.uk/travel/15149744/green-list-travel-confirmed-foreign-summer-holidays/
216,22,https://www.thesun.co.uk/news/15146076/brits-28c-weather-vaccine-milestone/
217,22,https://www.thesun.co.uk/news/15116182/carrie-symonds-first-mrs-boris-johnson/
218,22,https://www.thesun.co.uk/news/15115834/boris-johnsons-wedding-secrets-revealed/
219,22,https://www.thesun.co.uk/news/15078738/dominic-cummings-slams-boris-johnson-on-covid/
220,23,https://www.thesun.co.uk/news/politics/15071077/cummings-says-plans-derailed-by-carrie-symonds-and-trump/
221,23,https://www.thesun.co.uk/news/politics/15062633/punish-homeowners-costly-green-boilers-riots/
222,23,https://www.thesun.co.uk/news/politics/15054051/weddings-social-distancing-and-masks-update-delayed/
223,23,https://www.thesun.co.uk/news/15045188/britain-60-million-vaccine-rollout-covid-coronavirus/
224,23,https://www.thesun.co.uk/money/15047236/homeowners-fines-replace-gas-boilers-green/
225,23,https://www.thesun.co.uk/news/15046794/boris-johnson-carrie-symonds-2022-wedding/
226,23,https://www.thesun.co.uk/news/15026887/boris-johnson-william-harry-bbc/
227,23,https://www.thesun.co.uk/news/politics/15019727/australian-trade-deal-in-15-years-time/
228,23,https://www.thesun.co.uk/news/politics/14998121/tory-rift-over-brexit-trade-deal-with-aussies/
229,23,https://www.thesun.co.uk/news/14986840/brits-pubs-indoors-other-covid-rules-lockdown/
230,24,https://www.thesun.co.uk/news/14961809/britain-eu-six-weeks-to-fix-northern-ireland-border/
231,24,https://www.thesun.co.uk/news/14949344/vaccine-passports-required-strip-clubs/
232,24,https://www.thesun.co.uk/news/14937397/masks-ripped-off-social-distancing-ditched-21-june/
233,24,https://www.thesun.co.uk/news/14924691/queens-speech-brexit-britain-bounce-back-covid/
234,24,https://www.thesun.co.uk/news/14914504/queen-jail-russian-chinese-spies/
235,24,https://www.thesun.co.uk/news/14914122/boris-johnson-unlock-romps-drinking-pubs-holidays/
236,24,https://www.thesun.co.uk/news/14908513/boris-johnson-could-call-early-election/
237,24,https://www.thesun.co.uk/news/14902785/hugging-kissing-allowed-next-week-may-17-britain/
238,24,https://www.thesun.co.uk/news/14904311/david-attenborough-green-poster-boy-cop26-climate-summit/
239,24,https://www.thesun.co.uk/news/14903736/labour-civil-war-angela-rayner-andy-burnham-2/
240,25,https://www.thesun.co.uk/news/14903104/one-in-three-fully-vaccinated/
241,25,https://www.thesun.co.uk/news/14900068/michael-gove-tells-nicola-sturgeon-not-now-but-not-never-as-government-opens-door-to-future-scottish-referendum/
242,25,https://www.thesun.co.uk/news/14888424/londons-mayoral-race-tight/
243,25,https://www.thesun.co.uk/sport/football/14887872/boris-johnson-uk-champions-league-final/
244,25,https://www.thesun.co.uk/news/14887474/boris-johnson-spanks-sir-keir-starmer-seizing-hartlepool/
245,25,https://www.thesun.co.uk/travel/14875117/green-list-uk-countries-malta-israel-spain-france/
246,25,https://www.thesun.co.uk/news/14875088/jersey-two-royal-navy-warships-see-off-french-blockade/
247,25,https://www.thesun.co.uk/news/14868778/jersey-supermarkets-empty-two-days-royal-navy-trawler-blockade/
248,25,https://www.thesun.co.uk/news/14863329/boris-johnson-keir-starmer-local-election-hartlepool/
249,25,https://www.thesun.co.uk/news/14862463/royal-navy-defend-jersey-fishermen-france-electricity-2/
250,26,https://www.thesun.co.uk/travel/14851512/gibraltar-malta-travel-green-light/
251,26,https://www.thesun.co.uk/travel/14821229/britain-borders-international-countries-16-days/
252,26,https://www.thesun.co.uk/news/14820416/hugging-green-light-covid-rules-ministers/
253,26,https://www.thesun.co.uk/news/14816452/boris-johnson-aides-jail-downing-st-renovation/
254,26,https://www.thesun.co.uk/sport/14809897/football-clubs-england-social-media-blackout/
255,26,https://www.thesun.co.uk/news/14808006/pubs-shops-primed-for-4billion-bank-holiday-weekend/
256,26,https://www.thesun.co.uk/news/14784160/boris-johnsonn-cummings-publish-texts-covid/
257,26,https://www.thesun.co.uk/news/politics/14769768/dominic-cummings-not-cleared-lockdown-secrets-simon-case-cluprit/
258,26,https://www.thesun.co.uk/news/14746726/dominic-cummings-boris-johnson-revenge-leak-claims/
259,26,https://www.thesun.co.uk/sport/14738677/england-could-host-extra-euro-2020-game/
260,27,https://www.thesun.co.uk/news/14737841/covid-vaccine-passport-app-wont-be-ready/
261,27,https://www.thesun.co.uk/news/14736524/boris-johnson-accuses-dominic-cummings-leaking-texts/
262,27,https://www.thesun.co.uk/news/politics/14712932/boris-johnson-scraps-plans-for-no10-tv-briefings/
263,27,https://www.thesun.co.uk/sport/14712192/fans-golden-shares-to-scupper-plans-for-esl/
264,27,https://www.thesun.co.uk/sport/14701693/football-fans-protest-at-big-six-greed/
265,27,https://www.thesun.co.uk/news/14658164/meghan-markle-family-tension-philip/
266,27,https://www.thesun.co.uk/news/14655158/queens-ban-military-uniform-olive-branch-harry/
267,27,https://www.thesun.co.uk/news/14651872/prince-philip-funeral-queen-prince-harry-military-uniforms/
268,27,https://www.thesun.co.uk/news/14652365/greensill-lobby-scandal-heir-to-blair-into-dodgy-dave/
269,27,https://www.thesun.co.uk/news/14652192/civil-servants-private-sector-jobs-cameron/
270,28,https://www.thesun.co.uk/news/14641847/boris-johnson-cop26-climate-delayed/
271,28,https://www.thesun.co.uk/news/14639847/health-chiefs-calorie-counts-pub-pints/
272,28,https://www.thesun.co.uk/news/14623037/boris-johnson-shows-off-fresh-haircut/
273,28,https://www.thesun.co.uk/news/politics/14621964/gordon-brown-lobbying-row-david-cameron-greensill/
274,28,https://www.thesun.co.uk/news/14618587/david-cameron-downing-street-probe-lobbying-cabinet/
275,28,https://www.thesun.co.uk/news/14617488/boris-johnson-books-early-barber-visit/
276,28,https://www.thesun.co.uk/sport/14617818/fa-cup-chelsea-manchester-city-prince-philip-funeral/
277,28,https://www.thesun.co.uk/news/14397939/pubs-outdoor-boozing-rules-eased/
278,28,https://www.thesun.co.uk/news/14613819/prince-harry-friction-royal-family-end-ex-pm/
279,28,https://www.thesun.co.uk/news/14534243/brexit-britain-is-exporting-more-easter-faves/
280,29,https://www.thesun.co.uk/news/14534557/covid-mp-london-glasgow-margaret-ferrier-claimed-expenses/
281,29,https://www.thesun.co.uk/news/14533623/brits-pub-gardens-shops-hairdressers-open-lockdown-covid/
282,29,https://www.thesun.co.uk/money/14526382/lockdown-back-on-feet-freebies-deals/
283,29,https://www.thesun.co.uk/travel/14526012/spain-bahrain-summer-holiday-traffic-light-system/
284,29,https://www.thesun.co.uk/news/14525935/taxpayers-fork-out-900000-glastonbury-festival/
285,29,https://www.thesun.co.uk/news/14515323/queen-second-covid-jab-work-lockdown/
286,29,https://www.thesun.co.uk/news/14516130/tech-giants-tarnishing-football-online-racism/
287,29,https://www.thesun.co.uk/news/14514955/99-25-per-cent-brits-second-jab-appointments/
288,29,https://www.thesun.co.uk/news/14505082/ethnic-minority-brits-successful-online-racism/
289,29,https://www.thesun.co.uk/news/14504806/labour-mp-apologises-for-business-people-comment/
290,30,https://www.thesun.co.uk/news/politics/14504630/anti-china-group-hit-by-hack/
291,30,https://www.thesun.co.uk/news/14493975/tennis-mad-pm-urges-brits-to-get-fit-outdoors-reveals-60million-new-jabs-will-be-made-in-the-uk/
292,30,https://www.thesun.co.uk/news/14493775/brit-holidaymakers-waiting-weeks-abroad-picture-bleak/
293,30,https://www.thesun.co.uk/news/politics/14493313/labour-frontbencher-calls-business-people-the-enemy/
294,30,https://www.thesun.co.uk/news/politics/14493041/ministers-use-secret-texting-app-signal/
295,30,https://www.thesun.co.uk/news/14470325/online-junk-food-ad-ban-axed-cutting-700-calories/
296,30,https://www.thesun.co.uk/news/14458730/covid-freedom-pass-go-to-pub/
297,30,https://www.thesun.co.uk/news/14459688/eu-chief-humiliated-jabs-blockade-snubbed-european-leaders/
298,30,https://www.thesun.co.uk/news/politics/14452279/baffling-stay-alert-slogan-ditched/
299,30,https://www.thesun.co.uk/news/politics/14439749/boris-johnson-warns-brussels-blockade-vaccines-covid/
300,31,https://www.thesun.co.uk/news/politics/14437242/priti-patel-asylum-gibraltar-isle-of-man/
301,31,https://www.thesun.co.uk/news/politics/14433320/priti-patel-illegal-immigrants-uk-beaches-face-deportation-2/
302,31,https://www.thesun.co.uk/news/politics/14434076/boris-johnson-vaccine-row-greed/
303,31,https://www.thesun.co.uk/news/14423656/boris-johnson-lockdown-anniversary-message/
304,31,https://www.thesun.co.uk/news/politics/14422688/boris-naive-to-give-nicola-sturgeon-pandemic-powers/
305,31,https://www.thesun.co.uk/news/14397127/uk-clampdown-deportation-law-firms-criminals/
306,31,https://www.thesun.co.uk/news/14394107/labour-hartlepool-by-election-paul-williams/
307,31,https://www.thesun.co.uk/news/14390742/sturgeon-brushes-off-bombshell-report-alex-salmond/
308,31,https://www.thesun.co.uk/news/politics/14388921/bits-football-grounds-theatres-june-21-covid-certificates/
309,31,https://www.thesun.co.uk/news/14387703/britain-exact-price-enemies-attack/
310,32,https://www.thesun.co.uk/news/14386917/britain-elon-musk-broadband/
311,32,https://www.thesun.co.uk/news/14386315/wembley-packed-for-the-euros/
312,32,https://www.thesun.co.uk/news/14386101/nicola-sturgeon-resign-alex-salmond-probe/
313,32,https://www.thesun.co.uk/news/14375565/joe-biden-not-take-sides-northern-irish-border/
314,32,https://www.thesun.co.uk/news/14368285/eu-ban-exports-vaccines-uk-seize-production/
315,32,https://www.thesun.co.uk/news/14362303/boris-johnson-plots-clampdown-on-iran/
316,32,https://www.thesun.co.uk/news/14356304/boris-statement-today-britain-brexit-integrated-review-live/
317,32,https://www.thesun.co.uk/news/14354093/boris-statement-today-britain-brexit-integrated-review-2/
318,32,https://www.thesun.co.uk/news/14352413/terrorist-chemical-biological-nuclear/
319,32,https://www.thesun.co.uk/news/14349304/boris-to-hike-nuke-arsenal-and-deploy-more-troops/
320,33,https://www.thesun.co.uk/news/politics/14312998/cumbria-coal-mine-ministers-intervene-cop/
321,33,https://www.thesun.co.uk/news/politics/14297813/amazon-and-serco-offered-new-year-honours/
322,33,https://www.thesun.co.uk/news/14278180/lockdown-millions-children-return-school/
323,33,https://www.thesun.co.uk/news/politics/14275540/rich-donors-pay-make-over-downing-street/
324,33,https://www.thesun.co.uk/news/14267018/support-for-scottish-independence-falls-snp-war/
325,33,https://www.thesun.co.uk/news/politics/14264047/low-paid-green-car-revolution/
326,33,https://www.thesun.co.uk/news/politics/14262050/boris-says-schools-ready-for-return/
327,33,https://www.thesun.co.uk/news/politics/14261186/boris-johnson-to-snub-harry-and-meghan-interview/
328,33,https://www.thesun.co.uk/news/politics/14260883/hints-over-pay-rise-for-nurses/
329,33,https://www.thesun.co.uk/news/14250715/killer-drunk-drivers-life-jail-tough-proposed-laws/
330,34,https://www.thesun.co.uk/news/14250036/britain-space-superpower-empire-boris/
331,34,https://www.thesun.co.uk/news/politics/14249382/brexit-britain-must-look-to-new-frontiers/
332,34,https://www.thesun.co.uk/news/politics/14232381/pause-on-punitive-tariffs-scotch-whisky/
333,34,https://www.thesun.co.uk/money/14227865/budget-tax-burden-highest-levels-in-50-years/
334,34,https://www.thesun.co.uk/money/14226112/rishi-sunak-bittersweet-budget-tax-burden/
335,34,https://www.thesun.co.uk/news/politics/14225677/poll-britain-rishi-suank-budget/
336,34,https://www.thesun.co.uk/news/14210475/budget-2021-fuel-duty-frozen-rishi-sunak/
337,34,https://www.thesun.co.uk/money/14216858/rishi-sunak-budget-britain-world-cup-euros-bid-2030/
338,34,https://www.thesun.co.uk/money/14213826/rishi-sunak-budget-2021-furlough-extended-september/
339,34,https://www.thesun.co.uk/news/politics/14212731/boris-johnson-china-trade-deal-comments/
340,35,https://www.thesun.co.uk/money/14212238/rishi-sunak-budget-2021-universal-credit-furlough/
341,35,https://www.thesun.co.uk/sport/14201618/boris-johnson-euro-2020-britain-vaccine/
342,35,https://www.thesun.co.uk/news/14203548/macron-astrazeneca-vaccine-approves-france/
343,35,https://www.thesun.co.uk/news/14201990/boris-johnson-bigger-weddings-on-for-summer/
344,35,https://www.thesun.co.uk/news/14202466/boris-johnson-nicola-sturgeon-referendum-irrelevant/
345,35,https://www.thesun.co.uk/news/14200866/meat-prices-wont-rise-tax-hikes-green-agenda/
346,35,https://www.thesun.co.uk/news/14178369/boris-johnson-ban-firms-no-jabs-no-jobs-policy/
347,35,https://www.thesun.co.uk/news/14166910/jihadi-bride-shamima-begum-court-defeat-return/
348,35,https://www.thesun.co.uk/news/14166545/teachers-police-covid-vaccine-queue-age/
349,35,https://www.thesun.co.uk/news/14161004/rishi-sunak-budget-david-cameron-tax-rises/
350,36,https://www.thesun.co.uk/money/14156677/rishi-sunak-furlough-universal-credit-budget/
351,36,https://www.thesun.co.uk/news/14154831/rishi-budget-expensive-painful-sandwich-giveaways-tax-hikes/
352,36,https://www.thesun.co.uk/news/14154888/scotland-tin-pot-dictatorship-liam-fox-snp/
353,36,https://www.thesun.co.uk/news/14142428/wembley-stadium-90k-fans-for-euro-final/
354,36,https://www.thesun.co.uk/news/14142131/tory-mps-letter-rishi-sunak-fuel-tax/
355,36,https://www.thesun.co.uk/news/14130941/climate-change-big-threat-world-peace-war-boris-johnson/
356,36,https://www.thesun.co.uk/news/14129059/lockdown-roadmap-boris-johnson-revealed-press-conference/
357,36,https://www.thesun.co.uk/news/14119680/dominic-raab-china-human-rights-abuses-united-nations/
358,36,https://www.thesun.co.uk/news/14119243/covid-uk-lockdown-lift-boris-johnson-plan/
359,36,https://www.thesun.co.uk/news/14119143/tory-minister-rapped-meeting-boycotted-muslim-group/
360,37,https://www.thesun.co.uk/news/14115103/back-schools-boost-keir-starmer/
361,37,https://www.thesun.co.uk/news/14105237/boris-johnson-reshuffle-cabinet-gove-hancock-williamson/
362,37,https://www.thesun.co.uk/news/14104970/two-households-outside-easter-boris-johnson-lockdown/
363,37,https://www.thesun.co.uk/news/14104901/boris-johnson-roadmap-bad-news-for-haircuts/
364,37,https://www.thesun.co.uk/news/14099133/mi6-chief-richard-moore-sorry-for-gay-ban/
365,37,https://www.thesun.co.uk/news/14094812/boris-johnson-advertising-blitz-lockdown/
366,37,https://www.thesun.co.uk/news/14094702/millions-spent-on-idle-no10-tv-studio/
367,37,https://www.thesun.co.uk/news/14092983/gordon-ramsay-rishi-sunak-plea/
368,37,https://www.thesun.co.uk/news/politics/14092513/welsh-labour-busted-zoom-meetings-lovers-lockdown/
369,37,https://www.thesun.co.uk/news/14092555/hospitality-bosses-pubs-april-boris-johnson/
370,38,https://www.thesun.co.uk/news/14081761/rishi-sunak-aids-fears-fuel-duty-hike/
371,38,https://www.thesun.co.uk/news/14078422/facebook-censor-online-faggots-peas-black-country/
372,38,https://www.thesun.co.uk/news/14077072/boris-johnson-lockdown-stages-hospitality-last-reopen-2/
373,38,https://www.thesun.co.uk/news/14035982/world-cup-legend-sir-geoff-hurst-get-covid-vaccine/
374,38,https://www.thesun.co.uk/news/14035915/pubs-could-serve-outdoors-from-april/
375,38,https://www.thesun.co.uk/news/14025424/budget-rise-fuel-duty-hammer-blow-to-north/
376,38,https://www.thesun.co.uk/news/14025299/covid-vaccine-over-65s-letters-inviting-jab-monday/
377,38,https://www.thesun.co.uk/news/14024420/amazon-facebook-revenues-tax-chancellor/
378,38,https://www.thesun.co.uk/news/14023299/boris-johnson-schools-covid-march/
379,38,https://www.thesun.co.uk/news/14014783/parents-playgrounds-covid-lockdown-rules/
380,39,https://www.thesun.co.uk/news/politics/13999997/boris-johnson-aware-harry-dunn-spy/
381,39,https://www.thesun.co.uk/news/13998252/domestic-abusers-naked-pictures-sex-tapes-criminals/
382,39,https://www.thesun.co.uk/news/13989292/matt-hancock-britain-turning-corner-coronavirus/
383,39,https://www.thesun.co.uk/news/13963692/pubs-open-may-no-curfew-takeaway-pints-april/
384,39,https://www.thesun.co.uk/news/politics/13957624/32-million-adults-jabbed-end-april/
385,39,https://www.thesun.co.uk/news/13955118/nicola-sturgeon-uk-jab-rollout-success-brexit/
386,39,https://www.thesun.co.uk/news/politics/13952827/harry-dunn-family-demand-come-clean/
387,39,https://www.thesun.co.uk/news/politics/13950273/ofcom-bans-chinese-state-tv/
388,39,https://www.thesun.co.uk/news/13942792/covid-vaccine-ten-million-jab/
389,39,https://www.thesun.co.uk/news/13943920/british-punters-black-market-sites-last-year/
390,40,https://www.thesun.co.uk/news/13938730/captain-tom-moore-clap-boris-johnson-family/
391,40,https://www.thesun.co.uk/news/13935706/captain-tom-moore-clap-boris-johnson/
392,40,https://www.thesun.co.uk/news/politics/13937284/keir-starmer-boris-johnson-clash-pmqs/
393,40,https://www.thesun.co.uk/news/13932053/uk-government-accelerate-scotland-rollout/
394,40,https://www.thesun.co.uk/news/13916654/covid-lockdown-lifted-uk-same-time/
395,40,https://www.thesun.co.uk/news/13882112/novavax-vaccine-uk-covid-strain/
396,40,https://www.thesun.co.uk/news/13883486/boris-johnson-holes-nicola-sturgeon-hopes-independence-referendum/
397,40,https://www.thesun.co.uk/news/13882266/novavax-covid-vaccine-89-effective/
398,40,https://www.thesun.co.uk/news/13881675/rishi-sunak-eat-out-to-help-out-scheme-covid/
399,40,https://www.thesun.co.uk/news/13874752/covid-vaccine-uk-eu-trade-war/
400,41,https://www.thesun.co.uk/news/13871516/boris-johnson-fan-toilet-door-number-10-downing-street/
401,41,https://www.thesun.co.uk/news/politics/13870215/rishi-sunak-calls-janet-yellen-as-inspiration-to-millions/
402,41,https://www.thesun.co.uk/news/13867820/eu-astrazeneca-uk-vaccines-british-factories-europe/
403,41,https://www.thesun.co.uk/news/politics/13865822/bbc-call-ira-terrorist-a-veteran/
404,41,https://www.thesun.co.uk/news/13860437/brits-back-smartphone-tracking-covid-rules-breakers/
405,41,https://www.thesun.co.uk/news/politics/13856072/brits-support-using-smart-phones-to-track-people/
406,41,https://www.thesun.co.uk/news/13848346/holidays-quarantine-hotels-covid-uk/
407,41,https://www.thesun.co.uk/news/13848143/universal-credit-uplift-set-to-be-extended/
408,41,https://www.thesun.co.uk/news/13838901/boris-johnson-britain-vulnerable-covid-19-shutting-borders/
409,41,https://www.thesun.co.uk/news/13838719/cops-probe-mps-expenses-fraud/
410,42,https://www.thesun.co.uk/news/13837715/boris-johnson-kids-school-lost-generation/
411,42,https://www.thesun.co.uk/news/13836662/lisa-nandy-woke-abolishing-army-nuclear/
412,42,https://www.thesun.co.uk/news/politics/13837218/inside-boris-johnson-and-joe-bidens-first-phone-call/
413,42,https://www.thesun.co.uk/news/politics/13835108/pressure-mounts-on-ministers-over-schools/
414,42,https://www.thesun.co.uk/news/13824548/nissan-commits-to-continue-making-cars-in-britain/
415,42,https://www.thesun.co.uk/news/13814353/britain-refuse-diplomatic-immunity-eu-officials/
416,42,https://www.thesun.co.uk/news/politics/13802980/labours-lisa-nandy-sparks-woke-row/
417,42,https://www.thesun.co.uk/news/13803280/covid-vaccinations-record-death-toll-93000/
418,42,https://www.thesun.co.uk/news/politics/13802518/boris-johnson-woos-joe-biden/
419,42,https://www.thesun.co.uk/news/13798568/uk-coronavirus-death-toll-new-infections-today/
420,43,https://www.thesun.co.uk/news/politics/13797841/priti-patel-did-want-borders-last-march-confession/
421,43,https://www.thesun.co.uk/news/politics/13796707/mosques-and-temples-to-become-jab-hubs/
422,43,https://www.thesun.co.uk/news/13791357/boris-johnson-top-secret-lockdown-ease-easter/
423,43,https://www.thesun.co.uk/news/13783512/army-medics-deployed-intensive-care-covid-london/
424,43,https://www.thesun.co.uk/news/13781277/fuel-duty-hike-5p-universal-credit/
425,43,https://www.thesun.co.uk/news/politics/13777462/taxpayer-cash-feared-stolen-corrupt-british-virgin-islands/
426,43,https://www.thesun.co.uk/news/13748618/boris-johnson-100m-compensation-scots-fishermen-brexit-delays/
427,43,https://www.thesun.co.uk/news/politics/13743945/bombshell-warning-to-boris-johnson/
428,43,https://www.thesun.co.uk/news/13739428/three-million-people-february-rollout-boris/
429,43,https://www.thesun.co.uk/news/13740333/new-ad-blitz-coffee-kill-covid-crackdown/
430,44,https://www.thesun.co.uk/news/13736118/boris-johnson-24-7-vaccine-vow/
431,44,https://www.thesun.co.uk/news/13724670/trump-secret-intelligence-wuhan-lab-coronavirus/
432,44,https://www.thesun.co.uk/news/13717972/priti-patel-press-conference-tonight/
433,44,https://www.thesun.co.uk/news/politics/13709525/boris-johnson-tighten-lockdown-takeaway-coffee/
434,44,https://www.thesun.co.uk/news/13704227/britain-halt-goods-slavery-china/
435,44,https://www.thesun.co.uk/news/13574569/boris-johnson-decisions-covid-king-solomon/
436,44,https://www.thesun.co.uk/news/13574252/sex-offenders-hired-by-10-downing-street-plan/
437,44,https://www.thesun.co.uk/news/13574441/how-boris-johnson-secured-christmas-eve-brexit-deal/
438,44,https://www.thesun.co.uk/news/brexit/13558940/brexit-deal-announcement-today-uk-eu-done/
439,44,https://www.thesun.co.uk/news/13375375/tier-4-areas-lockdown-boxing-day-covid-strain/
440,45,https://www.thesun.co.uk/news/13554459/7million-aid-for-festive-loneliness/
441,45,https://www.thesun.co.uk/news/13553150/truckers-emmanuel-macron-reopen-french-border/
442,45,https://www.thesun.co.uk/news/13553083/tier-review-u-turn-fears-brits-new-years-eve/
443,45,https://www.thesun.co.uk/news/13546620/britain-fresh-fishing-proposals-brexit-deal/
444,45,https://www.thesun.co.uk/news/13543401/border-shutdown-shows-uks-ready/
445,45,https://www.thesun.co.uk/news/13533388/britain-vaccine-delays-coronavirus-blockade-ban-lifted-france/
446,45,https://www.thesun.co.uk/news/13533255/keir-starmer-branded-captain-hindsight/
447,45,https://www.thesun.co.uk/news/politics/13533674/brexit-talks-to-continue/
448,45,https://www.thesun.co.uk/news/politics/13532863/ex-spooks-and-soldiers-protect-vaccine-supplies/
449,45,https://www.thesun.co.uk/news/13520354/boris-johnson-coronavirus-third-lockdown-possible/
450,46,https://www.thesun.co.uk/news/13521261/new-covid-strain-mutant-south-east/
451,46,https://www.thesun.co.uk/news/13520993/government-whips-coleen-rooney-trap-government-leaker/
452,46,https://www.thesun.co.uk/news/13500387/boris-johnson-cut-back-christmas-plans/
453,46,https://www.thesun.co.uk/news/13489074/ben-wallace-trump-good-friend-britain/
454,46,https://www.thesun.co.uk/news/13479163/isis-remains-threat-to-britain-covid/
455,46,https://www.thesun.co.uk/news/13477669/navy-fisherman-french-blockade-channel-brexit/
456,46,https://www.thesun.co.uk/news/politics/13441504/boris-johnson-were-heading-for-no-deal-brexit/
457,46,https://www.thesun.co.uk/news/brexit/13425413/uk-generous-fish-brexit-compromise/
458,46,https://www.thesun.co.uk/news/13425411/brext-talks-christmas-new-year-eu-war-control-talks/
459,46,https://www.thesun.co.uk/news/13422074/boris-johnson-brussels-brexit-talks/
460,47,https://www.thesun.co.uk/news/brexit/13403529/brexit-boris-johnson-no-deal-48-hours-talks/
461,47,https://www.thesun.co.uk/news/13367605/uk-broke-away-medicines-agency-covid-vaccine/
462,47,https://www.thesun.co.uk/news/13366890/red-wall-voters-will-not-forgive-boris-johnson-deal-brussels/
463,47,https://www.thesun.co.uk/news/13355810/abolition-of-live-animal-shipments-thanks-to-brexit/
464,47,https://www.thesun.co.uk/news/politics/13351926/live-animal-exports-ban/
465,47,https://www.thesun.co.uk/news/13344032/brexit-negotiations-ireland-trade-deal/
466,47,https://www.thesun.co.uk/news/13343124/pub-lockdown-scotch-egg-substantial-meal/
467,47,https://www.thesun.co.uk/news/13319956/coronavirus-tiers-easter-monday-lockdown/
468,47,https://www.thesun.co.uk/news/13311086/boris-johnson-plunges-99-into-toughest-tiers/
469,47,https://www.thesun.co.uk/news/13310342/five-brit-mps-death-iranian-diplomat-bomb/
470,48,https://www.thesun.co.uk/news/politics/13293155/rishi-sunak-spending-review-splurge/
471,48,https://www.thesun.co.uk/news/politics/13286336/christmas-rules-covid-bubble-three-households/
472,48,https://www.thesun.co.uk/news/13289190/keir-starmer-labour-back-brexit-deal/
473,48,https://www.thesun.co.uk/news/13271180/boris-johnson-lockdown-many-more-towns-tiers/
474,48,https://www.thesun.co.uk/news/politics/13272738/hairdressers-nails-salons-beauty-tier-lockdown/
475,48,https://www.thesun.co.uk/news/politics/13274357/elderly-leave-care-homes-christmas-covid-test/
476,48,https://www.thesun.co.uk/news/13269363/rishi-sunak-austerity-pay-covid-tax-hikes/
477,48,https://www.thesun.co.uk/news/politics/13269124/new-covid-rules-families-meet-for-christmas-pubs-meal/
478,48,https://www.thesun.co.uk/news/13267899/brexit-negotiators-haggling-fishing-fudge-trade-talks-reopened-years/
479,48,https://www.thesun.co.uk/news/uknews/13267322/christmas-saved-households-bubbles-five-days/
480,49,https://www.thesun.co.uk/news/13263463/priti-patel-racism-misogyny-home-office-bullying/
481,49,https://www.thesun.co.uk/news/13259135/rishi-sunak-flatten-north-south-divide-1-6bn-potholes-mini-budget/
482,49,https://www.thesun.co.uk/news/13251625/boris-johnson-prittster/
483,49,https://www.thesun.co.uk/news/13247980/ministers-vow-christmas-new-year/
484,49,https://www.thesun.co.uk/news/politics/13245626/priti-patel-bullying-probe-slammed/
485,49,https://www.thesun.co.uk/news/13236521/small-businesses-plea-shutting-for-good/
486,49,https://www.thesun.co.uk/news/13235844/300million-covid-bailout-struggling-british-sports/
487,49,https://www.thesun.co.uk/news/13227003/robert-jenrick-brands-nicola-sturgeon-frankly-mad/
488,49,https://www.thesun.co.uk/news/13226133/christmas-five-day-festive-plan/
489,49,https://www.thesun.co.uk/news/politics/13221304/foreign-aid-budget-to-be-slashed/
490,50,https://www.thesun.co.uk/uncategorized/13217254/boris-johnson-pmqs-zoom-isolates-historic-first/
491,50,https://www.thesun.co.uk/news/13216076/david-frost-brussels-trade-deal-next-week/
492,50,https://www.thesun.co.uk/news/13214784/chris-packham-breaks-bbc-anti-bias-rules/
493,50,https://www.thesun.co.uk/news/politics/13214290/britains-wealthiest-black-man-donates-conservatives/
494,50,https://www.thesun.co.uk/news/13195815/dominic-cummings-boris-johnson-texts-carrie-symonds/
495,50,https://www.thesun.co.uk/news/politics/13193159/livid-boris-johnson-gives-cummings-marching-orders/
496,50,https://www.thesun.co.uk/news/13183697/dominic-cummings-gone-by-christmas-boris-johnson/
497,50,https://www.thesun.co.uk/news/13182469/boris-johnson-fighting-team-highest-caovid-cases/
498,50,https://www.thesun.co.uk/news/13172523/lee-cain-quit-boris-johnson-top-spin-doctor/
499,50,https://www.thesun.co.uk/news/uknews/13169774/uk-coronavirus-deaths-pass-50000-europe-highest/
500,51,https://www.thesun.co.uk/news/13160799/two-tons-cocaine-million-policeman-british-virgin-islands/
501,51,https://www.thesun.co.uk/news/13154064/britain-risk-row-joe-biden-brexit/
502,51,https://www.thesun.co.uk/news/13130951/defence-secretary-poppy-appeal-covid-frontline/
503,51,https://www.thesun.co.uk/news/politics/13124018/mass-coronavirus-testing-liverpool-uk-wide-christmas/
504,51,https://www.thesun.co.uk/news/politics/13128755/joe-biden-special-relationship-with-uk/
505,51,https://www.thesun.co.uk/news/13122535/brussels-says-britain-stalling-brexit-talks-donald-trump-loses/
506,51,https://www.thesun.co.uk/news/13121088/boris-johnson-lockdown-december-2-end/
507,51,https://www.thesun.co.uk/news/politics/13116333/boris-johnson-second-lockdown-press-conference/
508,51,https://www.thesun.co.uk/news/13100251/boris-johnson-covid-fight-mass-testing/
509,51,https://www.thesun.co.uk/news/13092678/patrick-vallance-regret-doomsday-coronavirus-4000-deaths/
510,52,https://www.thesun.co.uk/news/politics/13096636/uk-terror-threat-severe-priti-patel/
511,52,https://www.thesun.co.uk/news/politics/13083433/tory-mps-boris-johnson-second-lockdown-businesses-abyss/
512,52,https://www.thesun.co.uk/news/13060160/ministers-medics-clash-lockdown-cops-christmas-clarity/
513,52,https://www.thesun.co.uk/news/politics/13042841/england-ban-christmas-gatherings-tier-3/
514,52,https://www.thesun.co.uk/news/13038895/bbc-race-row-rishi-sunak-prince-charles-brownface/
515,52,https://www.thesun.co.uk/news/13039104/england-tier-3-lockdown-christmas-2/
516,52,https://www.thesun.co.uk/news/politics/13037035/boris-johnson-hid-in-a-bedroom-to-avoid-ids/
517,52,https://www.thesun.co.uk/news/13030160/armed-police-troops-guard-coronavirus-vaccine-anti-vaxxers/
518,52,https://www.thesun.co.uk/news/13029971/priti-patel-britain-fbi-russian-chinese-spies/
519,52,https://www.thesun.co.uk/news/13029484/marcus-rashford-hails-brits-for-backing-children-free-meals/
520,53,https://www.thesun.co.uk/news/13021161/covid-vaccine-london-hospitals-health-chiefs-standby/
521,53,https://www.thesun.co.uk/news/13022540/prue-leith-new-plans-hospital-patients-meals-24-7/
522,53,https://www.thesun.co.uk/news/13021926/boris-could-u-turm-marcus-rashford-tory-mp-support/
523,53,https://www.thesun.co.uk/news/13021409/brits-tv-licence-fee-change/
524,53,https://www.thesun.co.uk/news/13021413/families-94-hit-rishi-sunak-plans-vat-masks/
525,53,https://www.thesun.co.uk/news/12954066/marcus-rashford-petition-free-school-meals/
526,53,https://www.thesun.co.uk/news/12932128/lancashire-tier-3-lockdown-manchester-north/
527,53,https://www.thesun.co.uk/news/12942805/eu-leaders-boris-johnson-slash-trade-brexit/
528,53,https://www.thesun.co.uk/news/12933881/marcus-rashford-free-school-meal-rejection-no10/
529,53,https://www.thesun.co.uk/news/politics/12936920/macron-pinches-rule-of-six/
530,54,https://www.thesun.co.uk/news/12933773/brexit-split-germany-france-fishing-demands/
531,54,https://www.thesun.co.uk/news/12923442/boris-johnson-coronavirus-circuit-breaker-lockdown-ireland/
532,54,https://www.thesun.co.uk/news/12923697/boris-johnson-backlash-beijing-change-china-trade-bill/
533,54,https://www.thesun.co.uk/news/12913735/boris-johnson-attacked-over-three-covid-risk-levels/
534,54,https://www.thesun.co.uk/news/12904350/circuit-breaker-lockdown-half-term-slow-covid/
535,54,https://www.thesun.co.uk/news/12904296/new-3-tier-lockdown-rules-boris-johnson-covid-hotspots/
536,54,https://www.thesun.co.uk/news/12905000/nicola-sturgeon-alex-salmond-cover-up-sexual-misconduct/
537,54,https://www.thesun.co.uk/news/12904917/theresa-may-return-to-frontline-politics-eco-job/
538,54,https://www.thesun.co.uk/news/12904403/benefit-revolution-iain-duncan-smith/
539,54,https://www.thesun.co.uk/news/12895284/queens-birthday-honours-2020-nurses-delivery-drivers-pub-quiz-host/
540,55,https://www.thesun.co.uk/news/12893589/marcus-rashford-mbe-free-school-meals/
541,55,https://www.thesun.co.uk/news/politics/12871076/gavin-williamson-enrages-trade-union-chiefs/
542,55,https://www.thesun.co.uk/news/politics/12867855/priti-patel-brands-asylum-system-broken/
543,55,https://www.thesun.co.uk/news/12863335/boris-johnson-north-lockdown-covid-decision/
544,55,https://www.thesun.co.uk/news/12854519/boris-johnson-green-energy-revolution/
545,55,https://www.thesun.co.uk/news/12844201/rishi-sunak-blasts-boris-johnsons-critics/
546,55,https://www.thesun.co.uk/news/12834346/britain-brussels-brexit-trade-talks-submarine/
547,55,https://www.thesun.co.uk/news/12833873/snp-nicola-sturgeon-cover-up-scandal-virus/
548,55,https://www.thesun.co.uk/news/12833331/boris-johnson-supportive-text-trump-coronavirus/
549,55,https://www.thesun.co.uk/news/12824559/boris-johnson-eu-sue-brexit-divorce-deal/
550,56,https://www.thesun.co.uk/news/12820547/lockdown-three-tiers-coronavirus-rules/
551,56,https://www.thesun.co.uk/news/12813677/boris-warns-dont-throw-in-the-sponge/
552,56,https://www.thesun.co.uk/news/12795768/boris-johnson-coronavirus-lockdown-rules-north-east-pub-garden/
553,56,https://www.thesun.co.uk/news/12802849/ministers-agree-last-minute-bailout-national-league-football/
554,56,https://www.thesun.co.uk/news/12802150/british-steaks-exported-america-mad-cow/
555,56,https://www.thesun.co.uk/news/12794333/eu-wants-secret-brexit-talks-dubbed-le-submarine/
556,56,https://www.thesun.co.uk/news/12794192/mps-split-over-10pm-pub-curfew-coronavirus/
557,56,https://www.thesun.co.uk/news/12793119/boris-johnson-lord-of-the-ring-advisers/
558,56,https://www.thesun.co.uk/news/12761933/boris-johnson-backs-the-suns-poppy-appeal/
559,56,https://www.thesun.co.uk/news/12751406/rishi-sunak-to-dish-up-flexible-furlough/
560,57,https://www.thesun.co.uk/news/politics/12740778/boris-johnson-live-tv-address-coronavirus/
561,57,https://www.thesun.co.uk/news/12736363/army-brought-in-police-enforce-coronavirus-boris-johnson/
562,57,https://www.thesun.co.uk/news/politics/12726905/boris-johnson-to-order-enforcement-blitzkrieg/
563,57,https://www.thesun.co.uk/news/politics/12725279/second-lockdown-pubs-close-10pm/
564,57,https://www.thesun.co.uk/news/12700816/boris-johnson-hits-back-joe-biden-brexit-row/
565,57,https://www.thesun.co.uk/news/politics/12694097/boris-johnson-shut-pubs-early/
566,57,https://www.thesun.co.uk/news/12690900/charlie-elphicke-wife-back-appeal/
567,57,https://www.thesun.co.uk/news/12690169/boris-johnson-snitch-neighbours-animal-house-parties-hot-tubs/
568,57,https://www.thesun.co.uk/news/12690447/boris-johnson-winter-rescue-package-covid-19-care-homes/
569,57,https://www.thesun.co.uk/news/12690552/boris-johnson-slams-brussels-failing-act-good-faith-brexit-deal/
570,58,https://www.thesun.co.uk/news/12680323/brexit-victory-brussels-banks-trillions-london-2022/
571,58,https://www.thesun.co.uk/news/politics/12674143/migrants-calais-cenres-channel-priti/
572,58,https://www.thesun.co.uk/news/12669257/pubs-hit-9pm-curfew-rule-six-fails/
573,58,https://www.thesun.co.uk/news/12661785/boris-brexit-bill-passed/
574,58,https://www.thesun.co.uk/news/12639822/ministers-publish-legal-advice-justifying-bill/
575,58,https://www.thesun.co.uk/news/12639192/eu-threaten-take-uk-court/
576,58,https://www.thesun.co.uk/news/politics/12633403/meddling-covid-marshals-street/
577,58,https://www.thesun.co.uk/news/12629377/boris-johnson-hit-back-rogue-state-claim-withdrawal-agreement/
578,58,https://www.thesun.co.uk/news/politics/12625725/boris-bans-gatherings-christmas/
579,58,https://www.thesun.co.uk/news/politics/12622925/china-ambassador-likes-porn-tweet/
580,59,https://www.thesun.co.uk/news/12618129/eu-threats-british-food-exports-to-northern-ireland/
581,59,https://www.thesun.co.uk/news/brexit/12609091/boris-johnson-denies-claims-end-agreement/
582,59,https://www.thesun.co.uk/news/12609209/police-officer-families-legally-guaranteed-support/
583,59,https://www.thesun.co.uk/news/politics/12603257/major-brussels-row-explodes-after-claims-britain-is-planning-to-break-brexit-promises/
584,59,https://www.thesun.co.uk/news/12587991/horny-prisoners-taxpayer-bill-sex-chatlines/
585,59,https://www.thesun.co.uk/news/12587473/civil-servants-ignore-return-to-work-order/
586,59,https://www.thesun.co.uk/news/12577958/eat-out-to-help-out-next-year-chancellor-rishi-sunak/
587,59,https://www.thesun.co.uk/news/12566510/snp-fury-blocking-lie-detector-tests-terrorists-nicola-sturgeon/
588,59,https://www.thesun.co.uk/news/politics/12561256/bbc-proms-row-uturn-boris/
589,59,https://www.thesun.co.uk/news/12557301/boris-praises-brits-return-work/
590,60,https://www.thesun.co.uk/news/12540103/chancellor-axe-foreign-aid-pay-covid-19/
591,60,https://www.thesun.co.uk/news/12518928/burgers-cost-cut-new-zealand-trade-deal/
592,60,https://www.thesun.co.uk/news/12519048/shamed-ofqual-boss-1million-pension/
593,60,https://www.thesun.co.uk/news/politics/12518197/home-office-deportation-flight-abandoned/
594,60,https://www.thesun.co.uk/news/12512716/matt-hancock-cabinet-row-work-from-home/
595,60,https://www.thesun.co.uk/news/12509856/andrea-leadsom-uk-us-relation-not-normal-harry-dunn-justice/
596,60,https://www.thesun.co.uk/news/12505224/ex-bbc-chair-proms-idiotic/
597,60,https://www.thesun.co.uk/news/12503485/aussie-gov-backs-boris-tony-abbott/
598,60,https://www.thesun.co.uk/news/12498918/rule-britannia-land-of-hope-and-glory-woke-bbc-slammed/
599,60,https://www.thesun.co.uk/news/12498187/defence-sec-slam-labour-pause-veteran-legislation/
600,61,https://www.thesun.co.uk/news/politics/12491742/bbc-proms-rule-britannia-subtitles-row-boris/
601,61,https://www.thesun.co.uk/news/12489411/bbc-ban-words-land-of-hope-and-glory-proms/
602,61,https://www.thesun.co.uk/news/12481099/ditch-social-distancing-second-major-wave-coronavirus/
603,61,https://www.thesun.co.uk/news/12480560/young-terrorists-murdershorter-jail-sentence-than-plotting-atack/
604,61,https://www.thesun.co.uk/news/12479902/boris-johnson-warns-children-life-chances-under-threat/
605,61,https://www.thesun.co.uk/news/12478688/voters-believe-china-and-russia-lying-covid-numbers-poll/
606,61,https://www.thesun.co.uk/news/12478271/jeremy-corbyn-meghan-markle-prince-harry-book-poetry-megxit/
607,61,https://www.thesun.co.uk/news/12474511/emergency-plans-perfect-storm-no-deal-brexit-coronavirus-second-wave/
608,61,https://www.thesun.co.uk/news/12467810/boris-johnson-cuts-short-camping-trip-location-leaked/
609,61,https://www.thesun.co.uk/news/12458490/britain-bouncing-back-coronavirus-lockdown-businesses-high-street/
610,62,https://www.thesun.co.uk/news/politics/12454283/bounce-back-britain-shops-traffic-lockdown/
611,62,https://www.thesun.co.uk/news/politics/12452305/gavin-williamson-douglas-ross-quit/
612,62,https://www.thesun.co.uk/news/12452170/sudanese-people-smuggler-jailed/
613,62,https://www.thesun.co.uk/news/12446656/gavin-williamson-on-last-life-a-level-schools/
614,62,https://www.thesun.co.uk/news/12448614/militant-teachers-union-close-schools-coronavirus-cases/
615,62,https://www.thesun.co.uk/news/12438854/britain-may-boycott-2022-winter-olympics-in-beijing/
616,62,https://www.thesun.co.uk/news/12438108/swindon-faces-coronavirus-lockdown/
617,62,https://www.thesun.co.uk/news/12419403/boris-johnson-bad-brexit-deal/
618,62,https://www.thesun.co.uk/news/12407041/education-secretary-gavin-williamson-fighting-for-job-a-levels/
619,62,https://www.thesun.co.uk/news/politics/12401329/french-quarantine-coronavirus-travel-brits/
620,63,https://www.thesun.co.uk/sport/12397281/football-fans-return-stadiums-premier-league-lockdown/
621,63,https://www.thesun.co.uk/news/12395808/france-uk-quarantine-list-holidays-ruined/
622,63,https://www.thesun.co.uk/news/12397214/government-fines-wearing-masks-3200-pound/
623,63,https://www.thesun.co.uk/news/12396544/labour-backing-law-firm-blocking-channel-migrants-deportations/
